whp,choke,pred,real
600.8203155,12.88031277,1891632.3959999997,1891632.396
595.542399,12.50454833,1882054.0939999996,1882054.094
586.6234278,11.87936479,1813890.1469999999,1813890.147
580.1579292,11.42070729,1742134.778,1742134.778
576.7122972,11.18613104,1743407.3430000003,1743407.343
575.1865166,11.08779104,1738376.7400000002,1738376.74
570.9272686,10.84628953,1660892.534,1660892.534
61.73157500000002,0.27589,0.0,0.0
617.1521772,22.39990707,0.0,0.0
117.09754889999999,2.636929043,316360.3650000002,316360.365
447.9655164,4.507812083,1120091.5920000002,1120091.592
507.4854485999999,5.624685625,1517927.534,1517927.534
532.3192935,8.099011042,1556778.3610000005,1556778.361
545.5420067,8.980132083,1747371.5329999998,1747371.533
548.975069,9.253898542,1702620.6639999999,1702620.664
554.1380689,9.604592917,1700773.062,1700773.062
555.1124054,9.666686875,1764124.9129999997,1764124.913
555.7694397,9.703415833,1781916.113,1781916.113
556.5022063,9.76957,1796559.2590000005,1796559.259
554.2619985,9.624984375,1770565.045,1770565.045
552.1385823,9.478541042,1760236.2649999997,1760236.265
548.2866694,9.214866458,1751021.2000000002,1751021.2
545.9161459,9.04979875,1749888.4229999995,1749888.423
546.1571118,9.063642708,1756179.9419999998,1756179.942
544.9738211,8.978537708,1752737.1330000004,1752737.133
541.7273678,8.755220833,1752123.619,1752123.619
541.0782602,8.70129375,1756152.761,1756152.761
538.4224795,8.507578125,1767494.6509999996,1767494.651
527.1935164,7.728787917,1789716.3540000003,1789716.354
533.891447,8.182811667,1714234.364,1714234.364
531.8472189,8.0593325,1711885.8549999995,1711885.855
532.5875345,8.109852917,1716406.7259999998,1716406.726
531.427462,8.026845417,1715884.9919999996,1715884.992
530.5419893,7.958775417,1737086.8779999996,1737086.878
530.0369817,7.917633,1813874.6150000002,1813874.615
536.4528629,8.444459792,1736437.7110000001,1736437.711
531.6539913,8.208829583,1715543.2879999997,1715543.288
523.1113011,7.609122917,1649534.0530000003,1649534.053
520.0819551,7.245215833,1721843.9850000003,1721843.985
534.2038767,8.233908958,1767487.591,1767487.591
528.6010646,7.83321,1731392.988,1731392.988
525.2689676,7.587975833,1756934.3030000003,1756934.303
522.4067099,7.379769167,1612698.1499999994,1612698.15
520.4358306,7.242466042,1591815.3760000002,1591815.376
508.8989479,6.445585833,1582566.7759999996,1582566.776
509.557695,6.485084583,1602958.5269999998,1602958.527
529.0041857,7.915645417,1597011.1830000002,1597011.183
526.0004866,7.820728125,1611678.6859999998,1611678.686
519.2399794,7.389779375,1611048.9339999994,1611048.934
498.6485475,5.83816,1626896.5159999998,1626896.516
529.1210316,8.044379167,1645989.227,1645989.227
528.4409997,7.996720625,1631504.9309999999,1631504.931
513.1884014,6.95453125,1612018.625,1612018.625
510.8223487,6.792428125,1605945.2599999998,1605945.26
517.0711298,7.220033333,1618167.8849999998,1618167.885
504.3772528,6.347044375,1615188.5650000004,1615188.565
490.7346046,5.412362708,1589877.4060000004,1589877.406
1016.93459,57.94657,0.0,0.0
1078.049045,72.73139,0.0,0.0
1167.40689,79.06124,0.0,0.0
1287.363505,87.42538,0.0,0.0
1404.09126,95.61401,0.0,0.0
1454.380015,95.37836,0.0,0.0
1485.51862,95.04456,0.0,0.0
1515.0223499999997,97.05538,0.0,0.0
1540.508855,86.78873,0.0,0.0
1566.790395,78.96014,0.0,0.0
1590.717135,80.60908,0.0,0.0
1612.23673,82.08995,0.0,0.0
1634.159425,83.6044,0.0,0.0
1657.255025,85.18898,0.0,0.0
1679.2687800000003,86.6956,0.0,0.0
1698.80318,88.0611,0.0,0.0
1716.61643,89.30303,0.0,0.0
421.9392233,12.02914441,737421.9419999998,737421.942
420.1982882,6.574285208,2688960.909,2688960.909
508.4978991,5.730275625,2783155.7820000006,2783155.782
525.977936,7.481208958,2622488.1849999996,2622488.185
504.7733868,6.059989583,1833398.6919999998,1833398.692
466.4484307,3.482034167,1520602.921,1520602.921
415.9946151,0.025435922,0.0,0.0
869.02647,31.27355,0.0,0.0
1125.80871,48.98669,0.0,0.0
1286.737975,60.08323,0.0,0.0
1395.82162,67.58099,0.0,0.0
1445.07812,70.95278,0.0,0.0
1472.16963,72.84548,0.0,0.0
1497.44864,74.60143,0.0,0.0
1521.872585,76.27273,0.0,0.0
1543.557625,77.76049,0.0,0.0
1561.65232,101.21792,0.0,0.0
1580.102845,102.43381,0.0,0.0
1598.75695,103.69155,0.0,0.0
1616.133605,97.87052,0.0,0.0
487.4975119999999,16.67657233,427849.767,427849.767
484.8664516,5.694804375,1096232.3219999997,1096232.322
530.2215211,8.827325417,1303183.1610000003,1303183.161
561.042126,10.96064229,1207771.1440000003,1207771.144
563.909924,11.15294938,1228062.6430000002,1228062.643
553.9826863,10.49615729,1254655.545,1254655.545
541.7026121,9.604126458,1142958.579,1142958.579
532.0288616,8.92555,1146585.654,1146585.654
523.5675527,8.345849792,1203066.7130000005,1203066.713
513.9598074,7.6917225,1144131.245,1144131.245
499.8087922,6.70292375,1076131.0899999999,1076131.09
501.2990659000001,6.812531042,1103320.915,1103320.915
517.3843932,7.941432917,1763147.8089999994,1763147.809
526.5893014,8.626054375,2194287.5359999994,2194287.536
504.6693463,7.137094375,2016508.6169999996,2016508.617
489.7785078,5.958871458,2307061.152,2307061.152
482.935837,4.773925208,2245832.596,2245832.596
469.8119836,3.913376458,2332349.0129999993,2332349.013
463.1409535,3.602936875,3223436.7969999993,3223436.797
447.4218298,3.123494583,3247840.7460000003,3247840.746
1187.446976,53.51182206,292256.81900000013,292256.819
1023.396201,42.14553604,5638825.53,5638825.53
986.2854476,39.57622396,6528045.238,6528045.238
1053.071136,44.39037156,5662692.919,5662692.919
993.1167541,39.95376729,6730310.355,6730310.355
993.0007359,39.94231229,6713907.857,6713907.857
994.8863159,40.07433521,6716912.946,6716912.946
996.5857497,40.20235596,6670658.297,6670658.297
996.4037409,40.19492375,6735672.072,6735672.072
996.989109,40.21764479,6735596.53,6735596.53
993.5900643,39.96989563,6772492.443,6772492.443
996.8019653,40.22048917,6753987.124,6753987.124
992.4354474,39.91404333,6855689.248,6855689.248
993.3447545,39.98251229,6866610.715,6866610.715
999.6355372,40.40881896,6912185.133,6912185.133
1000.660146,40.47699771,6101169.751,6101169.751
999.6449441,40.35861,6414304.402,6414304.402
999.0583168,40.27986071,4208455.763,4208455.763
1000.549581,40.38473542,6514917.168,6514917.168
1002.487856,40.50265104,6468740.532,6468740.532
1006.170557,40.72842563,6441507.288,6441507.288
999.3827478,40.26052396,6556593.76,6556593.76
1000.483793,40.33422083,6467423.136,6467423.136
982.7160068,39.09278583,6411588.42,6411588.42
951.9699379,36.95925313,6859813.347,6859813.347
950.3658392,36.72994854,6874793.608,6874793.608
948.6012556,36.74646917,6713189.502,6713189.502
947.8707154,36.67497688,6817926.014,6817926.014
948.2925506,36.70160625,6738412.764,6738412.764
948.5674283,36.68841583,6595096.882,6595096.882
947.7638172,35.86809313,6598668.183,6598668.183
947.2410865,35.27682779,5699141.228,5699141.228
1118.599537,48.06452255,2396436.1629999997,2396436.163
945.1263065,36.24876146,2352076.7710000006,2352076.771
941.6383828,35.96259438,5609233.893,5609233.893
940.2684923,35.84695167,5564913.684,5564913.684
944.2750715,36.23094957,5659547.689,5659547.689
939.0951347,36.30099511,5707327.298,5707327.298
924.8999833,35.28487851,5327795.112,5327795.112
893.5530472,33.11436617,5377057.321,5377057.321
893.8161201,33.29836958,5288545.748,5288545.748
891.6893591,33.15578745,5265759.951,5265759.951
888.666177,32.94812681,5248782.769,5248782.769
887.2044444,32.84404809,5123630.502,5123630.502
887.5561922,32.86605125,5238429.279,5238429.279
884.8562499,32.67525,5430882.761,5430882.761
883.1704195,32.55148729,5482422.526,5482422.526
882.4907229,32.54250229,5531820.64,5531820.64
880.9155668,32.39115625,5485688.835,5485688.835
881.2600768,32.28637511,5468732.833,5468732.833
880.5206381,32.22587917,5549508.764,5549508.764
881.7905965,32.30903729,5647332.477,5647332.477
881.4444875,32.26883167,5694762.969,5694762.969
881.2578,32.25807146,5796121.271,5796121.271
879.6848763,32.15142563,5918609.8,5918609.8
875.5849801,31.85957542,6013344.057,6013344.057
897.3915738,33.10561843,5597977.076,5597977.076
865.8896155,31.14484792,5741691.848,5741691.848
874.1058532,31.71132875,5778305.714,5778305.714
871.3513455,31.53025306,6113307.656,6113307.656
876.2770289,31.86001938,6028568.594,6028568.594
870.128473,31.43992583,6118559.59,6118559.59
868.6880279,31.35127604,6118656.312,6118656.312
868.0982072,31.30276688,6974204.056,6974204.056
868.3892373,31.32885854,6179122.388,6179122.388
867.7792888,31.28712583,6035677.661,6035677.661
862.2612503,30.92454396,6007368.12,6007368.12
860.5624937,30.79315188,5791824.202,5791824.202
861.3229342,30.84123333,5747366.676,5747366.676
861.0028346,30.83799042,5754820.271,5754820.271
844.8278118,29.71652085,5806493.117,5806493.117
823.5437219,28.23059771,6015237.902,6015237.902
820.5494266,28.02223917,6021377.984,6021377.984
818.9086277,27.90844438,5990480.6,5990480.6
817.4284617,27.8079175,5973935.137,5973935.137
813.1063983,27.52118333,5951363.964,5951363.964
815.7010616,27.7043675,5844466.033,5844466.033
814.9073104,27.30610625,5799349.103,5799349.103
812.623355,27.48746813,6061003.293,6061003.293
815.4327609,27.67692851,6248653.504,6248653.504
931.1354167,36.54469956,3494144.7309999997,3494144.731
865.8857419,30.71104968,5141840.713,5141840.713
799.0652565,26.44618511,5918821.6,5918821.6
805.3783899,26.88544447,5853700.16,5853700.16
807.6624114,27.06092,6049501.494,6049501.494
806.230743,26.95146021,5861414.269,5861414.269
806.8760142,27.00757229,5853885.485,5853885.485
806.6588344,26.96747208,5853692.747,5853692.747
806.2413613,26.94177521,5860082.753,5860082.753
806.2283173,26.93148771,5819487.4,5819487.4
747.4277632,22.19370125,9391000.906,9391000.906
743.5910814,21.90702333,9254060.557,9254060.557
741.1065275,21.75911417,9335357.163,9335357.163
740.9028388,21.77539417,9318240.899,9318240.899
739.4992297,21.67049417,9279913.571,9279913.571
739.38835,21.69274729,9183251.934,9183251.934
744.4786475,22.04223729,9027822.151,9027822.151
744.0174569,21.97065063,9010006.947,9010006.947
741.4396348,21.77620958,9010384.657,9010384.657
741.5900572,21.75983896,8969892.38,8969892.38
744.9209579,22.03215729,8929047.103,8929047.103
751.0951425,22.49241354,9045246.231,9045246.231
750.8809201,22.44564063,9077309.574,9077309.574
749.8430259,22.3478483,9257216.024,9257216.024
749.9854273,22.32548625,9267711.42,9267711.42
753.0316807,22.5323366,9350355.78,9350355.78
757.56178,22.87196702,9476621.762,9476621.762
760.2114853,23.08749447,9280866.671,9280866.671
757.7638012,23.20767646,9303662.705,9303662.705
756.3678258,23.47634167,9520055.941,9520055.941
756.2545144,23.45687771,9463739.733,9463739.733
755.6806104,23.42837063,9797255.545,9797255.545
755.9661033,23.47625792,9752750.011,9752750.011
754.0778167,23.34139313,9708912.353,9708912.353
753.4166378,23.2903225,9688467.652,9688467.652
751.5227838,23.17294125,9751704.072,9751704.072
749.671608,23.0483475,9720474.162,9720474.162
749.4526127,23.01095208,9655696.191,9655696.191
748.5888266,22.80072458,9676068.88,9676068.88
747.9924355,22.87852083,9597174.792,9597174.792
745.3980895,22.71919917,9520235.618,9520235.618
741.6024003,22.48718771,9534277.958,9534277.958
735.4587292,21.62337854,9502325.104,9502325.104
730.713287,21.58069646,9577920.76,9577920.76
729.1123692,21.58327292,9387476.907,9387476.907
726.6216135,21.40020917,9349173.583,9349173.583
725.212718,21.30546354,9470380.369,9470380.369
723.8074989,21.23406333,9297771.488,9297771.488
725.6841493,21.3655575,9296446.679,9296446.679
724.9603636,21.31791313,9268120.547,9268120.547
722.4944483,21.13439,9234838.295,9234838.295
718.5372835,20.92523042,9237895.628,9237895.628
717.8307559,20.95048271,9296378.197,9296378.197
716.9656376,20.87818,9289798.983,9289798.983
719.3450997,21.03627438,9195771.785,9195771.785
722.2499179,21.24730313,9122736.791,9122736.791
721.4344349,21.19129708,9156022.926,9156022.926
720.942897,21.14429208,9108252.848,9108252.848
720.4870321,21.12987271,9047043.001,9047043.001
720.0836481,21.11827917,9019436.283,9019436.283
719.0447261,21.00971063,8900079.923,8900079.923
717.1507271,20.79505604,8766833.366,8766833.366
716.3519946,20.43729083,9098172.58,9098172.58
713.9780425,20.55381708,8585344.064,8585344.064
712.8525555,20.51676667,8851258.258,8851258.258
712.1086207,20.50834468,8616416.889,8616416.889
716.688674,20.83368255,8874713.343,8874713.343
718.6184503,20.98374042,8725989.148,8725989.148
716.8644216,20.87092292,8705735.067,8705735.067
713.5823884,20.64927149,8737097.352,8737097.352
711.9798489,20.52851875,8850259.621,8850259.621
709.4353949,20.32367021,8877453.682,8877453.682
707.5616052,20.23795813,8737554.134,8737554.134
706.706507,20.20177125,8660172.651,8660172.651
703.6282265,19.99368458,8556449.602,8556449.602
702.6708609,19.91458854,8488524.283,8488524.283
759.8792001,23.54825196,7907910.236,7907910.236
700.7149559,19.72850438,8591838.911,8591838.911
698.9127751,19.59560833,8490306.227,8490306.227
699.507695,19.66632583,8369863.333,8369863.333
697.7348283,19.54678104,8302817.69,8302817.69
696.1353031,19.40646583,8324390.226,8324390.226
694.4945949,19.30248667,8131603.865,8131603.865
691.4730607,19.08775063,8117680.486,8117680.486
689.2121422,18.94657583,8102359.58,8102359.58
686.9113849,18.79066229,8006515.138,8006515.138
685.3788271,18.68848277,8004765.67,8004765.67
684.8421852,18.32353553,7977534.544,7977534.544
682.152349,17.99305458,8058379.663,8058379.663
680.0370044,18.32693188,8225950.881,8225950.881
680.3177183,18.33970208,8250077.725,8250077.725
682.3130331,18.44852917,8342726.811,8342726.811
677.85557,18.11888128,8389835.367,8389835.367
677.2206241,18.07800646,8434277.361,8434277.361
671.6052514,17.66886833,8574397.534,8574397.534
668.5665256,17.46425979,8526610.512,8526610.512
671.048764,17.45476234,8572246.705,8572246.705
739.0482941,22.4070834,7561143.157,7561143.157
720.2141855,20.83748702,7842858.69,7842858.69
704.5238069,19.98351646,8148056.842,8148056.842
755.6685573,19.60577563,8369008.72,8369008.72
755.6752001,19.57876917,8479158.84,8479158.84
750.1451569,19.19028979,8451046.273,8451046.273
748.9356484,19.11850563,8229649.615,8229649.615
746.9389682,19.01572271,8203519.496,8203519.496
744.7070557,18.85698688,8256402.779,8256402.779
744.424206,18.86161604,8240699.221,8240699.221
758.9211454,20.02741628,6942932.139,6942932.139
699.2553648,16.21293,8520575.271,8520575.271
723.9779101,17.85911813,8183836.216,8183836.216
743.2663146,18.71781375,8324584.376,8324584.376
742.5839234,18.43378083,8196526.213,8196526.213
740.1721143,18.27956646,8133223.076,8133223.076
739.3164421,17.91011042,7772781.483,7772781.483
781.8564559,20.52244163,830834.2139999997,830834.214
723.2960041,17.19140559,5763545.372,5763545.372
758.5769642,19.61725307,6610613.703,6610613.703
742.0361302,18.52212702,7813589.695,7813589.695
740.4175909,18.41311404,8184150.386,8184150.386
735.7156057,18.14070792,8168870.075,8168870.075
721.9677723,17.30829957,8211596.136,8211596.136
708.0838249,16.33077383,8524899.521,8524899.521
704.8001859,16.10202354,8712533.141,8712533.141
708.0676915,16.30455188,8738248.132,8738248.132
712.9078579,16.62035375,8740577.932,8740577.932
717.9274226,16.94422438,8758687.185,8758687.185
724.3223939,17.39030146,8746518.569,8746518.569
727.7605251,17.62866188,8750323.556,8750323.556
742.0129285,18.647715,8589354.144,8589354.144
744.4735483,18.79136396,8723555.213,8723555.213
750.0180734,19.19470771,8662678.598,8662678.598
753.7738211,19.41107896,8579163.387,8579163.387
757.3703498,19.64796208,8525859.328,8525859.328
755.9705953,19.50060896,8566437.737,8566437.737
763.0126109,19.98279688,8418201.741,8418201.741
765.8643803,20.16049854,8089507.556,8089507.556
765.8951415,20.16528667,8007490.477,8007490.477
766.3903799,20.14702521,7979339.433,7979339.433
757.5906785,19.373644,6468789.246,6468789.246
744.0715811,18.68319021,7981758.542,7981758.542
744.5660493,18.71790667,7994115.307,7994115.307
743.7997666,18.6634825,7794242.471,7794242.471
744.8987819,18.75207851,7876459.348,7876459.348
747.6964422,18.95149271,8016118.856,8016118.856
758.4871911,19.70282917,7905244.38,7905244.38
766.6332126,20.20752979,7839959.854,7839959.854
766.7491794,20.21001875,7790306.168,7790306.168
769.9087686,20.45103,7757701.676,7757701.676
768.6474952,20.35992875,7738225.96,7738225.96
767.2910867,20.2486225,7780631.85,7780631.85
765.518075,20.13448417,7839848.659,7839848.659
765.5508541,20.15731104,7846600.49,7846600.49
757.0392393,19.54125188,7986292.121,7986292.121
762.7233661,19.93875438,7938737.726,7938737.726
765.6168019,20.20299354,7883509.111,7883509.111
768.2398489,20.35766229,7849742.19,7849742.19
771.0290235,20.54152604,7831084.728,7831084.728
795.9686119,21.98963265,6264681.116,6264681.116
760.0069212,19.8757717,7351038.969,7351038.969
751.8260335,19.2501466,7724644.991,7724644.991
757.9517467,19.70042596,7657902.222,7657902.222
765.5871906,20.21017085,7543913.933,7543913.933
765.904574,20.20875383,7779218.791,7779218.791
768.9643363,20.42200255,7921875.269,7921875.269
778.2444924,21.10707042,8072315.397,8072315.397
781.4822427,21.32914104,8038042.274,8038042.274
777.3163957,21.00223458,8029768.66,8029768.66
778.7294207,21.11643333,8014079.575,8014079.575
779.8955651,21.19497521,8025372.751,8025372.751
776.8318027,20.98689688,8034468.855,8034468.855
785.8942906,21.638115,7893244.851,7893244.851
783.4086916,21.46918688,7840380.63,7840380.63
782.76481,21.42292,7864782.108,7864782.108
758.5376572,19.6315925,8251662.695,8251662.695
759.4470549,19.69357313,8137625.339,8137625.339
762.2457513,19.89725396,8113539.443,8113539.443
763.8424459,19.99128563,8088802.615,8088802.615
760.9109054,19.79310729,7762171.009,7762171.009
757.1875561,19.53558438,7732979.674,7732979.674
756.2947854,19.49271894,7694824.257,7694824.257
760.4455249,19.79716583,7552445.237,7552445.237
762.5413217,19.95184792,7619976.608,7619976.608
762.4856869,19.96023872,7550827.085,7550827.085
762.2794366,19.94282771,7497809.662,7497809.662
760.9342927,19.84461104,7506009.499,7506009.499
760.4669426,19.78735979,7442009.54,7442009.54
759.0721816,19.70372313,7436861.741,7436861.741
758.3757979,19.65380604,7424849.151,7424849.151
759.8188319,19.76091438,7434651.255,7434651.255
757.9623848,19.63405792,7561723.489,7561723.489
761.4779491,19.87519333,7543193.813,7543193.813
760.8246093,19.83553979,7477806.211,7477806.211
771.347653,20.58957788,4505619.282,4505619.282
656.3687451,13.76599001,2961747.307,2961747.307
681.5073065,14.20196415,6509390.247,6509390.247
680.9022617,14.65288771,7579398.905,7579398.905
690.4799225,15.35651625,7474953.265,7474953.265
693.228615,15.48605313,7576083.882,7576083.882
691.9481804,15.33857479,7599745.825,7599745.825
674.061639,13.95371771,7648478.887,7648478.887
665.2966427,13.37676833,7629328.284,7629328.284
657.9627642,13.14579757,5739673.747,5739673.747
667.4359934,13.81573899,3280136.363,3280136.363
721.3674646,17.42679245,4395621.658,4395621.658
663.8422232,13.42625354,7685925.48,7685925.48
666.2314698,13.57728833,7081230.126,7081230.126
674.6339268,14.21349417,7054428.954,7054428.954
686.7782689,15.08632708,6936627.559,6936627.559
689.3231488,15.25445708,6929611.684,6929611.684
691.2431602,15.3913675,6930768.465,6930768.465
699.0003732,15.88597146,6554764.514,6554764.514
710.0209381,16.69163958,6488724.215,6488724.215
714.9297349,17.00061563,6411020.443,6411020.443
726.1039756,17.77477646,6255113.051,6255113.051
726.0447401,17.66602625,6134070.41,6134070.41
723.3303129,17.43988229,6099637.378,6099637.378
725.819534,17.63619854,6066615.64,6066615.64
722.1914829,17.38385146,6090238.047,6090238.047
737.1798127,18.48936875,5986148.584,5986148.584
740.9920711,18.71880646,5940491.917,5940491.917
727.0390111,17.71412875,5998398.037,5998398.037
735.8760935,18.33766021,5955116.707,5955116.707
737.2893904,18.45282333,5891548.467,5891548.467
740.062313,18.65492604,5917500.321,5917500.321
739.5550064,18.59454958,5992169.705,5992169.705
735.8989039,18.31744229,5918290.688,5918290.688
726.6008926,17.63348255,5956984.783,5956984.783
719.8841933,17.16158,6261608.251,6261608.251
665.9538159,13.31132646,6883276.198,6883276.198
649.8908762,12.14000511,7172968.119,7172968.119
647.2987698,11.96625468,7164714.273,7164714.273
649.9239632,12.16489917,7286424.084,7286424.084
650.290635,12.21301938,7299416.955,7299416.955
672.9186924,13.76281136,2812325.584,2812325.584
621.3199371,10.28107354,7088049.38,7088049.38
611.5873166,9.533149583,7418604.228,7418604.228
619.21467,10.05159146,7491146.081,7491146.081
619.7953436,10.07475042,7652154.676,7652154.676
616.3189521,9.823966809,7115300.627,7115300.627
619.2858527,10.06005894,6928348.65,6928348.65
615.05491,9.760498085,6938893.466,6938893.466
612.774532,9.479570213,6943800.872,6943800.872
613.4630599,9.614392766,6936537.191,6936537.191
614.8286243,9.702179318,6651296.247,6651296.247
612.2424296,9.515134792,6948645.091,6948645.091
617.0791402,9.844000208,6886981.286,6886981.286
620.2496196,10.07970917,6872301.428,6872301.428
594.1267368,9.689961875,6936058.17,6936058.17
620.1249498,10.08980854,6856383.246,6856383.246
621.543956,10.19300604,6848924.003,6848924.003
621.0235782,10.16078479,6830538.704,6830538.704
621.9368638,10.20387146,6824822.575,6824822.575
640.5479003,11.52894893,6316777.562,6316777.562
606.2791203,9.151829167,6768474.244,6768474.244
600.8119225,8.77247,6901775.516,6901775.516
599.3410123,8.625309583,7006755.245,7006755.245
599.9003015,8.6887525,6863806.836,6863806.836
605.1752565,9.055027292,6898478.496,6898478.496
603.6789743,8.9296425,6920631.364,6920631.364
600.4503046,8.711468333,6912273.736,6912273.736
622.007514,10.8232819,6112376.795,6112376.795
588.5338511,8.164923333,6876106.768,6876106.768
580.2939694,7.548601875,7042682.173,7042682.173
578.0570242,7.363717917,7091594.559,7091594.559
578.4927099,7.391974375,7104443.053,7104443.053
578.55,7.4,7108099.78,7108099.78
578.55,7.4,7100197.875,7100197.875
575.65,7.2,7083690.183,7083690.183
575.65,7.2,7026400.401,7026400.401
575.65,7.2,7089984.879,7089984.879
575.65,7.2,7104479.412,7104479.412
575.65,7.2,7073184.197,7073184.197
575.65,7.2,7052582.058,7052582.058
575.643185,7.19100375,7046505.869,7046505.869
575.8757046,7.209264167,7045908.946,7045908.946
578.0665035,7.386997917,6858213.198,6858213.198
581.2723297,7.622953542,6856061.31,6856061.31
575.9593786,7.236145833,6852215.728,6852215.728
575.7977308,7.22358,6839311.46,6839311.46
577.903874,7.3872125,6826676.531,6826676.531
575.5357581,7.192104583,6817659.499,6817659.499
575.1335644,7.171658542,6807111.859,6807111.859
575.7260797,7.219288333,6787755.81,6787755.81
579.007626,7.464829375,6830916.767,6830916.767
581.27107,7.615269792,6797501.434,6797501.434
582.7316973,7.740035625,6772002.479,6772002.479
580.406142,7.572926875,6766275.407,6766275.407
579.3732586,7.513244792,6766986.702,6766986.702
584.3954324,7.810341026,5331693.291,5331693.291
572.6006617,7.061245376,6182083.352,6182083.352
571.6505949,6.95758,6644160.352,6644160.352
572.8087673,7.014031667,6650703.56,6650703.56
572.7426654,7.013530417,6669945.59,6669945.59
574.3718612,7.134022083,6725737.24,6725737.24
574.1923633,7.100005625,6718923.281,6718923.281
579.9937318,7.507873333,6660094.419,6660094.419
622.4880417,10.68762226,5157984.109,5157984.109
561.7415819,6.289852292,6487915.492,6487915.492
561.5128263,6.244499167,6578344.208,6578344.208
562.00782,6.24796125,6625835.063,6625835.063
563.0435097,6.32784,6783611.943,6783611.943
560.8910209,6.179469583,6728044.448,6728044.448
559.4117007,6.070336667,6739556.131,6739556.131
562.5203165,6.285890625,6773352.351,6773352.351
558.3315293,5.9783975,6766643.233,6766643.233
562.9711094,6.285515,6767214.74,6767214.74
571.9948521,6.945980417,6628232.639,6628232.639
573.2852161,7.041968542,6589566.431,6589566.431
570.4080053,6.838328333,6579592.416,6579592.416
576.4927091,7.286217872,6576950.917,6576950.917
588.7508197,9.141357386,4760145.343,4760145.343
546.5512218,5.576585833,6087296.851,6087296.851
536.9251551,5.573891875,6336447.428,6336447.428
538.4778544,5.633320625,6364797.917,6364797.917
539.5760824,5.709691915,6263498.919,6263498.919
543.7844858,5.590675417,6257094.793,6257094.793
555.2679602,5.840679375,6250730.556,6250730.556
555.2313417,5.846609167,6257137.506,6257137.506
552.9574728,5.668931042,6252353.65,6252353.65
551.3629229,5.740311875,6267441.576,6267441.576
552.6226527,5.692618333,6263457.618,6263457.618
557.8589078,6.013567708,6268399.265,6268399.265
553.6618586,5.690158333,6287050.726,6287050.726
554.601951,5.797607708,6271699.815,6271699.815
563.8554916,5.769498958,6008743.408,6008743.408
556.9387046,5.538664583,6123157.415,6123157.415
554.0518543,5.752150625,6312952.807,6312952.807
552.1957123,5.574827917,6304419.738,6304419.738
566.3441593,6.586913747,2930733.433,2930733.433
1273.50426,87.72961,0.0,0.0
1273.460035,87.72656,0.0,0.0
567.8013373,7.994124583,4836979.676,4836979.676
527.684204,4.941336515,1882442.0410000002,1882442.041
561.4046381,6.819193182,1780724.3849999998,1780724.385
539.0465778,5.636630187,2344695.188,2344695.188
1280.59389,88.3165,0.0,0.0
544.7553876,5.303574508,1119312.1680000005,1119312.168
544.2034625,5.657928995,4703706.291,4703706.291
1305.06612,66.68925,0.0,0.0
541.0584811,6.041099857,4207561.967,4207561.967
553.0642203,6.507566974,5347243.294,5347243.294
1366.03253,94.19523,0.0,0.0
1364.50974,94.09068,0.0,0.0
896.6030238,36.87375227,355173.06799999997,355173.068
571.7192605,7.935954899,2966271.7079999996,2966271.708
1320.842845,71.7535,0.0,0.0
1362.17147,76.05117,0.0,0.0
567.6674459,7.522297419,6310338.489,6310338.489
601.1200928,9.89895875,7043580.911,7043580.911
633.5664471,12.22192651,1895047.318,1895047.318
1389.84269,74.19326,0.0,0.0
1385.563885,75.23715,0.0,0.0
575.1565042,8.10227128,4838406.855,4838406.855
608.2989927,10.4357269,5970045.43,5970045.43
1381.041915,72.2241,0.0,0.0
583.2814187,8.786818613,1205900.9500000002,1205900.95
601.5080796,9.949305,7115761.292,7115761.292
688.8253829,16.1991415,455231.62399999984,455231.624
1382.01153,95.31114,0.0,0.0
1385.14034,95.52692,0.0,0.0
1400.960565,96.61797,0.0,0.0
1443.65799,99.56262,0.0,0.0
591.7208355,9.304988621,1965849.5870000003,1965849.587
603.2834384,10.14315438,7518314.726,7518314.726
612.2804019,10.7906939,6724635.527,6724635.527
590.5503843,8.968243542,7865991.839,7865991.839
584.2119238,8.570561875,7734611.946,7734611.946
580.2466873,8.366589167,7613819.229,7613819.229
561.7068544,7.055895,7826986.398,7826986.398
553.6685166,6.519335208,7827780.295,7827780.295
551.9189707,6.423701875,7706475.728,7706475.728
553.4512008,6.564620625,7602564.177,7602564.177
551.6520197,6.437513125,7497116.37,7497116.37
544.4182899,5.906244583,7491393.181,7491393.181
544.9827538,5.993161458,7325231.492,7325231.492
540.4616809,5.870676875,7245810.022,7245810.022
537.5769754,5.757765208,7214333.718,7214333.718
537.2128593,5.746244792,7106497.16,7106497.16
541.5602734,6.074507292,7059771.256,7059771.256
540.1467863,5.967383125,7005287.118,7005287.118
536.2443106,5.709684167,6942814.237,6942814.237
535.7232682,5.670226875,6925447.343,6925447.343
539.2847854,5.925063125,6843148.923,6843148.923
544.8424231,6.364781548,6468836.195,6468836.195
584.6932274,8.949314963,5041284.427,5041284.427
537.1940546,5.905960625,6370744.555,6370744.555
543.4361384,6.276807083,6423108.575,6423108.575
543.3501474,6.273025833,6371016.718,6371016.718
545.7659078,6.4509225,6283778.769,6283778.769
545.782758,6.46833875,6259383.998,6259383.998
546.7076919,6.512706875,6230629.324,6230629.324
556.3469324,7.221338333,6158939.26,6158939.26
554.9580076,7.136117708,6142476.399,6142476.399
551.9136118,6.890453958,6114543.156,6114543.156
554.1509829,7.060296875,6134444.59,6134444.59
556.3047344,7.179949583,6195055.043,6195055.043
554.828728,7.101035417,6187603.213,6187603.213
557.4687883,7.3126325,6109663.637,6109663.637
560.8678904,7.563312708,6026212.319,6026212.319
562.899422,7.705125833,5965983.106,5965983.106
567.2630913,8.027407708,5925264.203,5925264.203
567.5002539,8.022170625,5913177.483,5913177.483
552.7954027,7.211853124,1776114.5580000002,1776114.558
528.0137663,5.331052708,5736612.884,5736612.884
530.2782584,5.506017708,5839237.75,5839237.75
531.3988698,5.593836458,5190095.813,5190095.813
538.7327704,6.132119792,5139670.116,5139670.116
539.25674,6.19497,5191310.839,5191310.839
539.25674,6.19497,5195252.437,5195252.437
542.084095,6.29179,5150613.469,5150613.469
543.8503189,6.400862917,5047879.173,5047879.173
544.3602174,6.419746042,4865134.956,4865134.956
551.8200747,6.95668375,4743995.946,4743995.946
562.7599803,7.77369125,4686968.443,4686968.443
565.2490141,7.9516275,4666485.971,4666485.971
564.3193647,7.878773958,4656051.291,4656051.291
565.5074645,7.9722725,4641946.47,4641946.47
565.8937113,7.988482708,5222412.61,5222412.61
553.245686,7.133593617,5129265.088,5129265.088
565.3689079,7.97285625,5211119.081,5211119.081
562.2493628,7.740831875,5189421.583,5189421.583
557.8366715,7.414561875,5235228.275,5235228.275
559.7252934,7.529002292,5257859.811,5257859.811
560.9196705,7.621090833,5240341.833,5240341.833
561.3740582,7.62990875,5231527.776,5231527.776
557.2306742,7.363590417,5224598.033,5224598.033
470.8902097,3.463915,896677.5389999999,896677.539
472.2348554,3.572146383,896987.4730000002,896987.473
474.3328728,3.700618511,935054.2869999995,935054.287
475.69164,3.775732083,966096.7539999997,966096.754
472.2948579,3.560776875,979600.4160000002,979600.416
467.308616,3.194414375,980792.8499999996,980792.85
467.0105565,3.198598542,970628.2149999999,970628.215
470.9018248,3.462810417,923095.0,923095.0
469.2513653,3.436907708,924181.534,924181.534
466.6613451,3.360091667,923199.841,923199.841
480.0171624,6.099074528,86237.90000000037,86237.9
4.250675000000001,0.29315,0.0,0.0
3.8230700000000297,0.26366,0.0,0.0
3.8230700000000297,0.26366,0.0,0.0
3.8230700000000297,0.26366,0.0,0.0
3.8230700000000297,0.26366,0.0,0.0
477.1842382,4.287621178,648423.5820000004,648423.582
456.2661441,2.692779792,1153428.2060000002,1153428.206
458.7955331,2.946870208,1164113.1629999997,1164113.163
488.9174517,5.835207085,1170235.5949999997,1170235.595
464.100056,3.319310417,1226988.8169999998,1226988.817
465.230183,3.274765,1199752.7489999998,1199752.749
462.2119506,3.148458333,1228395.5219999999,1228395.522
467.7386015,3.398595,1211268.3150000004,1211268.315
483.8369365,4.454367708,1274377.6550000003,1274377.655
530.91958,7.497254291,1082500.9750000006,1082500.975
472.9992105,3.379386875,990317.8490000004,990317.849
468.4529047,3.3169325,989506.6550000003,989506.655
465.8214036,3.098801702,1001578.1959999995,1001578.196
468.2172404,3.281868333,987559.8600000003,987559.86
466.6528989,3.171979818,983513.068,983513.068
466.6589858,3.17269375,976232.0899999999,976232.09
465.7757969,3.100139167,980110.5010000002,980110.501
466.3410492,3.173088958,951125.6710000001,951125.671
467.1700383,3.2207075,895383.7939999998,895383.794
466.8791411,3.215563542,891696.7089999998,891696.709
467.8315585,3.275192083,887293.034,887293.034
471.4916636,3.557151042,917773.5250000004,917773.525
474.2690571,3.639500417,916449.0690000001,916449.069
473.983068,3.70141617,925843.4579999996,925843.458
473.12369,3.64496,915814.375,915814.375
471.6486359,3.542538298,918730.5080000004,918730.508
468.4962495,3.297931915,938237.2879999997,938237.288
469.402808,3.357264255,923495.3020000001,923495.302
468.982345,3.318790851,922590.21,922590.21
470.5746263,3.423308542,925763.6799999997,925763.68
469.4888753,3.352382292,930689.4419999998,930689.442
471.6788133,3.499737083,934266.744,934266.744
472.3027393,3.563614375,934823.7779999999,934823.778
473.2257035,3.61161,932210.1660000002,932210.166
472.0069181,3.528337292,927330.2939999998,927330.294
498.8579807,5.899001055,72600.09800000023,72600.098
462.3427893,3.305318405,1241082.3420000002,1241082.342
467.7398219,3.561654583,952541.9069999997,952541.907
470.0292692,3.705092708,987756.8339999998,987756.834
479.0858785,3.85258875,882979.727,882979.727
471.9182839,3.812210833,907011.6140000001,907011.614
472.2076857,3.779438958,896275.4720000001,896275.472
474.2829408,3.971762917,890475.682,890475.682
475.8741134,4.077314583,878195.5180000002,878195.518
473.4714483,3.900938125,901315.2529999996,901315.253
473.0106595,3.862866667,969922.568,969922.568
471.602066,3.752966667,980333.5970000001,980333.597
472.7580574,3.865391667,966915.7139999997,966915.714
469.6329781,3.639544792,962282.9419999998,962282.942
466.7401435,3.445639167,958172.2570000002,958172.257
467.7249322,3.495465625,957433.4280000003,957433.428
468.5552989,3.552703125,955149.5180000002,955149.518
470.1166558,3.674037708,948057.3950000005,948057.395
471.934539,3.803992917,947971.2630000003,947971.263
474.2905261,3.982974375,954540.9459999995,954540.946
473.7993507,3.920975833,958413.0029999996,958413.003
469.6256979,3.620528333,951768.8370000003,951768.837
472.6069009,3.826631042,960453.3430000003,960453.343
470.5447351,3.688036458,960901.2999999998,960901.3
474.7680474,3.998707292,964302.4550000001,964302.455
474.010072,3.924368333,965318.7419999996,965318.742
475.3419544,4.0291575,976938.443,976938.443
475.9266734,4.056984,1019621.7910000002,1019621.791
472.4183737,3.861546667,976716.7589999996,976716.759
471.286389,3.840326667,973050.8540000003,973050.854
536.6337565,9.033579167,865802.3940000003,865802.394
472.7715061,3.87412,959741.3420000002,959741.342
472.6258741,3.862700213,978795.2230000002,978795.223
474.2547565,3.949712708,969875.2659999998,969875.266
474.2621991,3.947483617,984539.9450000003,984539.945
473.1091221,3.853875319,1040516.2139999997,1040516.214
467.8687843,3.480521667,1028052.1370000001,1028052.137
468.4553788,3.546034583,1015870.1069999998,1015870.107
474.1546974,3.954521042,1015890.5810000002,1015890.581
474.4818446,4.007310833,1032699.7350000003,1032699.735
473.4602561,3.98938625,1043117.824,1043117.824
473.35424,4.021732292,1042906.7299999995,1042906.73
472.440166,3.8379268,1029510.0269999998,1029510.027
471.3385648,3.862266458,1041689.233,1041689.233
475.0618506,4.120188333,1034071.1399999997,1034071.14
472.6411481,3.958760833,1022512.8610000005,1022512.861
474.4702053,4.088881667,1019195.0139999995,1019195.014
475.2102883,4.127346875,1026632.3710000003,1026632.371
474.374173,4.076901875,1013452.7630000003,1013452.763
470.1088591,3.791591042,983474.9440000001,983474.944
470.4689243,3.82621375,1005127.6110000005,1005127.611
469.3859736,3.744129375,981759.0109999999,981759.011
464.9948813,3.474365417,996239.7769999998,996239.777
463.5047767,3.392783125,994813.6569999997,994813.657
467.2520479,3.646689167,990307.2589999996,990307.259
462.388035,3.286462292,973768.5029999996,973768.503
471.2590805,3.897632653,273478.27799999993,273478.278
300.04995,8.98553,0.0,0.0
458.53553,20.58814,0.0,0.0
276.906935,9.27291,0.0,0.0
732.4161832,20.97310299,322864.03699999955,322864.037
1205.73413,53.78870793,862872.1409999998,862872.141
1851.792245,97.99691,0.0,0.0
1898.2240000000002,101.3135,0.0,0.0
1926.860775,103.23326,0.0,0.0
1949.2189050000002,104.76866,0.0,0.0
1967.6834950000002,105.51297,0.0,0.0
1972.2325800000003,106.39272,0.0,0.0
1974.22401,106.48633,0.0,0.0
1975.2414750000003,106.54357,0.0,0.0
1975.8497500000003,106.58896,0.0,0.0
1978.33621,106.45907,0.0,0.0
1980.7899000000002,105.82575,0.0,0.0
1980.6027050000002,106.92948,0.0,0.0
1979.35498,106.77778,0.0,0.0
1977.261035,106.64669,0.0,0.0
1976.4805000000001,106.60893,0.0,0.0
1972.797645,106.34974,0.0,0.0
1971.8004800000003,106.28319,0.0,0.0
1972.48749,106.34278,0.0,0.0
1973.867455,107.02896,0.0,0.0
1974.2647550000002,105.788,0.0,0.0
1974.05494,106.48299,0.0,0.0
1975.8575800000003,106.62298,0.0,0.0
1977.4889750000002,106.73442,0.0,0.0
1979.592925,106.87497,0.0,0.0
1981.71007,107.00482,0.0,0.0
1983.4507950000002,107.12177,0.0,0.0
1986.15026,107.30555,0.0,0.0
1988.71879,107.50681,0.0,0.0
1991.009935,107.64732,0.0,0.0
1967.27967,105.59102,0.0,0.0
1807.966285,95.04868,0.0,0.0
1805.136465,94.87132,0.0,0.0
1593.083236,81.10760866,94132.74500000011,94132.745
1314.387064,61.72792938,4154379.34,4154379.34
1245.476385,56.70086958,4985721.168,4985721.168
1214.8168,54.82502333,4422986.924,4422986.924
1208.140556,54.20707542,4325826.851,4325826.851
1181.508448,52.6256275,4279937.204,4279937.204
1172.005598,51.87768271,4438234.759,4438234.759
1150.073524,50.22812854,4249145.72,4249145.72
1149.028873,50.15061055,2727060.9050000003,2727060.905
1091.353617,44.75799552,4024604.538,4024604.538
896.612291,32.00465271,5449179.104,5449179.104
1036.067902,41.65205021,4397467.142,4397467.142
1033.734474,41.68865854,4448087.695,4448087.695
1028.832329,41.1494625,4013541.165,4013541.165
1027.287916,41.15988229,4240667.366,4240667.366
1020.159293,40.65076042,4210930.646,4210930.646
1015.82476,40.33924,4026637.112,4026637.112
1015.82476,40.33924,4231761.529,4231761.529
1015.82476,40.33924,4267402.527,4267402.527
1007.382604,40.00538092,3963976.435,3963976.435
944.2391454,36.42635106,4913612.799,4913612.799
935.052655,35.81820021,4928040.968,4928040.968
935.3363958,35.82498063,4840880.679,4840880.679
926.2368987,35.19037043,4699473.115,4699473.115
926.7369451,35.24714723,4682197.648,4682197.648
919.9372102,34.87176128,4655333.642,4655333.642
915.464457,34.57498,4896757.402,4896757.402
903.9806261,33.75756479,4817849.194,4817849.194
888.4423416,32.62725688,4841714.818,4841714.818
880.5021657,32.10935375,4675095.641,4675095.641
868.5868421,31.24020521,4547581.098,4547581.098
852.9992394,30.14909792,4757192.851,4757192.851
842.4554224,29.52459563,4563522.931,4563522.931
829.1474251,28.6036625,4569425.797,4569425.797
826.0844178,28.4600219,3116660.2979999995,3116660.298
463.6987584,3.131595281,521248.2719999999,521248.272
645.9988585,16.01772646,6225510.471,6225510.471
792.8355675,26.22084417,4426169.925,4426169.925
814.4345285,27.74471102,2456504.0550000006,2456504.055
810.1193666,27.25747795,2197799.1800000006,2197799.18
802.8010913,26.73057813,4408155.276,4408155.276
803.973522,26.67374583,3828535.2769999993,3828535.277
806.2303926,26.83285646,3754469.17,3754469.17
800.3207897,26.73088471,3818271.0960000004,3818271.096
808.8060185,27.14448833,3790195.241,3790195.241
805.4280575,27.21377194,3770553.615,3770553.615
818.5290963,27.81142375,3766198.654,3766198.654
819.6883218,27.84998727,3706970.902,3706970.902
826.7632384,28.34835604,3779784.2120000003,3779784.212
827.0581261,28.36408938,3803347.6680000005,3803347.668
827.0183388,28.09113396,3730414.6909999996,3730414.691
822.9951627,28.06172333,3634365.156,3634365.156
818.9772369,27.78613792,3778412.8069999996,3778412.807
821.2380165,27.93418021,3802697.089,3802697.089
820.180906,27.65180167,3666114.329,3666114.329
817.5054959,27.638445,3649312.588,3649312.588
820.5615673,27.86873813,3652687.974,3652687.974
820.6566571,27.91169104,3721651.1129999994,3721651.113
825.5706758,28.10522006,3615630.034,3615630.034
801.631769,26.60263625,3837908.133,3837908.133
793.230765,26.10905854,3818678.105,3818678.105
793.4900733,26.14065438,3817330.7039999994,3817330.704
779.4877645,25.419278,3815115.6289999997,3815115.629
786.9780357,25.64597271,3840080.1419999995,3840080.142
784.7628949,25.45739771,3708401.964,3708401.964
784.5319461,25.41955792,3712436.7540000007,3712436.754
780.49614,25.14786085,3698655.6339999996,3698655.634
775.522936,24.80762979,3748120.4649999994,3748120.465
768.6194286,24.33111604,3699774.644,3699774.644
765.7141754,24.14646521,3696144.3919999995,3696144.392
760.1677502,23.76957292,3706091.5789999994,3706091.579
756.1299443,23.50032333,3711246.4380000005,3711246.438
749.5871334,23.05644833,3727108.1400000006,3727108.14
746.8587591,22.84494292,3666535.811,3666535.811
742.1706674,22.52373917,3694269.962,3694269.962
732.6767471,21.86128354,3709053.249,3709053.249
725.3683725,21.27378021,3709544.2720000003,3709544.272
735.2637132,22.00371021,3688649.8489999995,3688649.849
729.7810095,21.62117563,3772920.1269999994,3772920.127
722.0803011,21.09978771,3802396.3329999996,3802396.333
753.5614263,23.120932,488721.7929999996,488721.793
1569.67749,79.61782,0.0,0.0
1600.648475,81.75087,0.0,0.0
744.8456832,22.08679346,236377.97800000012,236377.978
750.7977445,21.61080208,3817899.387,3817899.387
747.6174595,22.65600167,3769786.5459999996,3769786.546
741.1182574,22.38108208,3339934.916,3339934.916
728.1343365,21.46259568,3383153.4119999995,3383153.412
723.3142238,20.89499574,3556017.512,3556017.512
715.8188598,20.60313125,3553825.029,3553825.029
709.694812,20.22068042,3521727.7979999995,3521727.798
703.620478,19.83811021,3585013.285,3585013.285
700.3036634,19.5476325,3506844.2590000005,3506844.259
700.586634,19.60658438,3550404.1059999997,3550404.106
699.4540843,19.55243229,3540407.499,3540407.499
698.7045551,19.50515333,3531261.9750000006,3531261.975
697.960397,19.46462917,3490292.795,3490292.795
695.463352,19.29922333,3497388.448,3497388.448
694.196055,19.20458292,3487175.8050000006,3487175.805
690.4592902,18.93937979,3480626.596,3480626.596
687.3822664,18.72553542,3468296.306,3468296.306
686.0200095,18.6145225,3503675.0249999994,3503675.025
683.1918691,18.4383125,3585971.6800000006,3585971.68
686.6986034,18.66595521,3613502.5029999996,3613502.503
687.1233807,18.68012234,3570323.1900000004,3570323.19
690.8600793,18.96551625,3606733.022,3606733.022
694.4599396,19.19906638,3655414.8989999997,3655414.899
699.1584363,19.54222638,3624444.091,3624444.091
707.1947127,20.10076064,3545247.835,3545247.835
709.8632446,20.26512792,3571983.3490000004,3571983.349
710.3131796,20.27606354,3650428.0679999995,3650428.068
709.2486772,20.19908583,3629697.79,3629697.79
707.3973263,19.83882667,3016102.2470000004,3016102.247
707.4188587,19.53245667,3004513.6100000003,3004513.61
703.4507253,19.29909458,2975175.074,2975175.074
698.8306175,18.99049313,2970821.8779999996,2970821.878
700.8177428,19.07447458,2977637.955,2977637.955
705.4958688,19.39121938,2944404.4170000004,2944404.417
702.5192936,19.41743438,2937954.0479999995,2937954.048
696.7884919,19.21110458,2952172.535,2952172.535
693.8437745,19.13012542,2935748.1509999996,2935748.151
691.3641567,18.97863438,2907992.8199999994,2907992.82
692.1003156,18.92439313,2901713.6560000004,2901713.656
690.432586,18.84398354,2873168.664,2873168.664
687.5585048,18.7185825,2887879.586,2887879.586
686.7804892,18.6505125,2825787.239,2825787.239
680.1965618,18.18657792,2814221.5469999993,2814221.547
678.9870443,18.10413958,2858385.3769999994,2858385.377
677.6063905,18.03665542,2799210.9280000003,2799210.928
675.063299,17.86016146,2813628.507,2813628.507
676.2207192,17.95628521,2812963.808,2812963.808
676.3626107,17.9421225,2806391.301,2806391.301
672.6316761,17.74712521,2770842.789,2770842.789
669.6576144,17.61484708,2843878.136,2843878.136
669.4385375,17.59199375,2836759.5379999997,2836759.538
666.7808234,17.39227563,2845529.1169999996,2845529.117
665.7298997,17.31781625,2848132.1389999995,2848132.139
666.0560379,17.35559188,2847720.188,2847720.188
663.9094126,17.17262354,2846848.278,2846848.278
660.1509764,16.93068125,2840169.165,2840169.165
663.598584,17.18329042,2836385.358,2836385.358
660.6190786,16.93788083,2794833.375,2794833.375
658.2332094,16.68705396,2750915.586,2750915.586
662.1714124,16.65009563,2852002.431,2852002.431
659.548305,16.75485292,2695496.351,2695496.351
658.9979575,16.75513583,2779180.649,2779180.649
660.7970543,16.66451,2721214.5190000003,2721214.519
658.712343,16.50465894,2792176.6969999997,2792176.697
664.2126831,16.86050146,2806873.499,2806873.499
661.6041996,16.69717229,2788075.5430000005,2788075.543
661.2931548,16.6879566,2796475.1780000003,2796475.178
618.0309504,13.63691479,2990765.319,2990765.319
561.9659422,9.744679792,3178741.7020000005,3178741.702
553.5668383,9.188850625,3136470.658,3136470.658
541.6926161,8.357777292,3173035.8099999996,3173035.81
517.9104683,6.733260208,3238313.6289999997,3238313.629
518.9886642,6.808306458,3227202.601,3227202.601
600.022656,12.32625433,1238271.0499999998,1238271.05
539.4151857,8.490575833,3128259.5249999994,3128259.525
498.0034395,5.623084583,3319776.1450000005,3319776.145
453.2188694,2.435311667,3549632.448,3549632.448
432.0927802,0.992374792,3598156.534,3598156.534
430.3900241,0.958450625,3615688.2789999996,3615688.279
426.7070573,0.681223333,3528599.649,3528599.649
427.1718065,0.727477917,3496042.1059999997,3496042.106
427.8131898,0.767393542,3492271.3600000003,3492271.36
428.6869779,0.844321458,3456164.402,3456164.402
429.2972255,0.870840625,3471971.3889999995,3471971.389
432.5718662,0.750816875,3451512.568,3451512.568
434.7431446,0.781622083,3466617.438,3466617.438
428.2105714,0.789275,3553281.056,3553281.056
431.4833935,1.033740833,3547176.6269999994,3547176.627
429.3254461,0.856788542,3596634.398,3596634.398
429.2415939,0.84848125,3553767.49,3553767.49
429.4144399,0.845143333,3548176.323,3548176.323
429.1793828,0.82073,3538760.0479999995,3538760.048
433.1129549,1.107193333,3442763.4630000005,3442763.463
432.737124,0.9021125,3482244.0420000004,3482244.042
433.2711408,1.118006875,3686453.1299999994,3686453.13
435.5025126,0.9959875,3617273.2489999994,3617273.249
432.9961242,1.0864525,3623638.1919999993,3623638.192
650.7718054,12.49586917,12752836.3,12752836.3
649.1733317,12.4148944,13070894.94,13070894.94
643.9432147,12.09882063,12454777.57,12454777.57
640.7680983,11.88974813,12601723.0,12601723.0
640.0740377,11.82285417,12609880.47,12609880.47
635.2318805,11.49137688,12392710.64,12392710.64
626.9111794,10.93101021,12535660.1,12535660.1
627.209106,10.95676396,12612819.9,12612819.9
625.0571913,10.78890667,12705936.01,12705936.01
647.6339142,12.57651269,10133845.63,10133845.63
623.9177631,10.72857771,11616385.98,11616385.98
670.4361582,13.73007797,7855615.404,7855615.404
621.948213,10.21530021,11980922.02,11980922.02
621.0592603,10.18205875,11908159.89,11908159.89
619.2333569,10.08584313,11807122.11,11807122.11
619.7171282,9.811328958,11294545.64,11294545.64
670.0849121,13.0187312,1591038.7759999996,1591038.776
681.8493024,14.487115,8747990.932,8747990.932
662.5540941,13.21014974,10277030.91,10277030.91
609.7434397,9.524175957,11968501.36,11968501.36
601.4319533,8.950403191,11667008.65,11667008.65
600.3256257,8.858404792,11608163.2,11608163.2
598.7938973,8.768651277,11637023.77,11637023.77
597.6241176,8.697162979,11391581.46,11391581.46
597.7547606,8.697812917,11423314.04,11423314.04
599.558612,8.799508333,11439962.93,11439962.93
601.1950125,8.891060625,11444566.05,11444566.05
601.7058324,8.916315833,11470097.48,11470097.48
603.1367075,9.001297917,11472863.94,11472863.94
603.975019,9.058425833,11495484.18,11495484.18
604.8092493,9.120729792,11515019.56,11515019.56
605.8981509,9.185791667,11173056.81,11173056.81
604.913459,9.123743125,11196640.74,11196640.74
604.8828368,9.109069583,11172526.6,11172526.6
603.1568988,8.987780208,11111064.01,11111064.01
603.2323833,8.9868525,11147633.75,11147633.75
603.5191782,9.002367083,11133593.88,11133593.88
603.2464816,8.986958542,11371677.9,11371677.9
602.814448,8.964050208,11411966.85,11411966.85
601.7174294,8.903827083,11375668.92,11375668.92
648.5522296,12.2314396,9542905.278,9542905.278
596.2946378,8.85423125,11154284.62,11154284.62
595.1646105,8.778362708,11174349.49,11174349.49
596.2617047,8.856188542,10891098.76,10891098.76
596.213829,8.857478298,11170188.68,11170188.68
595.3042334,8.808880208,11178104.0,11178104.0
595.4503663,8.8122625,11229791.32,11229791.32
596.149961,8.818589375,11274523.83,11274523.83
595.5372756,8.772110208,11209454.99,11209454.99
592.7406908,8.624022292,11151395.32,11151395.32
591.851282,8.577132708,11121938.52,11121938.52
590.8218424,8.759439583,11178686.45,11178686.45
587.1628429,9.144010625,11233616.43,11233616.43
585.6805955,9.310833542,11235811.74,11235811.74
581.1794511,9.561432083,11278444.25,11278444.25
576.5562742,9.812033542,11306642.95,11306642.95
576.1690758,9.793556875,11286674.09,11286674.09
575.6612073,9.759260417,11285386.7,11285386.7
572.3798694,9.562733125,11269387.33,11269387.33
615.7399723,11.79547379,10356046.07,10356046.07
585.5420851,9.741175106,10918619.0,10918619.0
572.8774889,9.607614043,11110224.22,11110224.22
573.1451127,9.619291489,11161184.71,11161184.71
573.6323867,9.638859574,11172568.96,11172568.96
572.7735085,9.589111277,10907919.21,10907919.21
571.3561815,9.504110417,10771960.2,10771960.2
572.4176691,9.554865208,10607383.49,10607383.49
572.9105422,9.569480208,10666848.45,10666848.45
573.6566276,9.607429583,10645681.51,10645681.51
572.8940182,9.573748958,10634024.04,10634024.04
571.9215999,9.508860625,10640376.28,10640376.28
572.8336892,9.569863542,10631280.17,10631280.17
570.3839142,9.437811458,10547839.45,10547839.45
572.4684311,9.553416667,10539865.53,10539865.53
572.53192,9.55899,10576302.19,10576302.19
570.4561725,9.431559792,10516848.16,10516848.16
569.6759396,9.380996458,10621994.15,10621994.15
569.5393617,9.368990625,10578753.07,10578753.07
568.8940966,9.329424792,10529527.92,10529527.92
570.0103519,9.41301625,10840886.63,10840886.63
569.4709247,9.395514583,10802727.33,10802727.33
567.1473944,9.288353613,10707995.9,10707995.9
563.5418505,9.123669792,10616149.53,10616149.53
569.6286575,9.420209583,10753857.66,10753857.66
569.1922893,9.395258511,10817752.42,10817752.42
562.3760415,9.026486458,10583440.2,10583440.2
563.0430354,9.053972292,10592473.82,10592473.82
559.2383744,8.865682083,10509734.51,10509734.51
558.8916371,8.860651458,10508569.61,10508569.61
558.8919241,8.869511667,10478513.42,10478513.42
559.8857692,8.914049583,10498824.34,10498824.34
567.4177911,9.278812292,10676416.87,10676416.87
566.2522298,9.201922083,10641959.83,10641959.83
560.8495298,8.902038542,10549640.8,10549640.8
568.6801893,9.54908824,6592078.732,6592078.732
740.9944424,17.25450795,4434368.703,4434368.703
633.2423003,11.75781574,8338454.805,8338454.805
560.447907,8.9270475,10015782.67,10015782.67
559.2139207,8.8317375,10039023.48,10039023.48
561.0692229,8.916564792,10114352.97,10114352.97
560.5332183,8.884449583,10246323.44,10246323.44
558.5387584,8.763978125,10212024.19,10212024.19
555.3827942,8.583398125,10090754.22,10090754.22
629.3931545,14.02497489,7935210.903,7935210.903
598.5994226,11.297504,4710642.035,4710642.035
690.4605423,17.05233582,7876458.642,7876458.642
563.4007625,8.204557917,10112572.09,10112572.09
559.8386804,8.307579792,10845804.27,10845804.27
555.889539,8.56742875,10836349.17,10836349.17
557.0085765,8.690361458,10838979.02,10838979.02
558.5756972,8.784065417,10828151.1,10828151.1
559.4388006,8.832592292,10829923.16,10829923.16
563.1773084,8.773983542,11132292.01,11132292.01
561.4814217,8.946707292,11136602.14,11136602.14
561.1055424,8.914636042,11034381.46,11034381.46
560.9634092,8.893146667,10882991.76,10882991.76
556.4674485,8.687499375,10718220.19,10718220.19
553.8487244,8.577691042,10661918.45,10661918.45
554.2719039,8.627451875,10639208.91,10639208.91
553.7798313,8.599806042,10675031.7,10675031.7
552.5202011,8.52747625,10592678.21,10592678.21
553.7817465,8.607473333,10553550.63,10553550.63
553.1640585,8.565110625,10576398.2,10576398.2
552.7118881,8.53406875,10520730.46,10520730.46
551.5285461,8.459369792,10415663.89,10415663.89
550.037487,8.359700208,10458198.98,10458198.98
549.7025793,8.326655417,10596829.84,10596829.84
550.1206898,8.342166667,10469719.49,10469719.49
550.1967895,8.339311277,10524708.06,10524708.06
550.2445685,8.348128936,10284084.55,10284084.55
550.3106791,8.355313542,10310554.96,10310554.96
554.5609655,8.401166809,10371713.63,10371713.63
555.0528055,8.61836234,10326210.87,10326210.87
564.8063865,9.090231042,10207527.68,10207527.68
562.9629531,9.130048542,10143739.52,10143739.52
668.5863875,16.15813343,4434604.507,4434604.507
573.622749,9.789133125,9317459.004,9317459.004
572.7543198,9.774211667,9563752.399,9563752.399
572.0747984,9.737814375,9525960.219,9525960.219
577.3425306,10.09878958,9433963.124,9433963.124
584.1276564,10.57375277,9872942.981,9872942.981
587.7405288,10.82540681,10051714.18,10051714.18
589.6255782,10.95404979,10066584.31,10066584.31
593.162048,10.67524106,10047339.81,10047339.81
593.4251829,10.73105957,10014018.73,10014018.73
593.6065265,10.74089568,9542472.853,9542472.853
593.0387021,10.70062083,9937839.56,9937839.56
592.5260697,10.66638292,9843774.238,9843774.238
590.3087901,10.54299625,9849520.725,9849520.725
562.476173,9.991072292,9772263.145,9772263.145
589.4836102,10.49842896,9813464.246,9813464.246
588.8133356,10.45462938,9805190.632,9805190.632
588.6245909,10.43841125,9781381.841,9781381.841
588.5807798,10.4323875,9761772.691,9761772.691
618.2878287,12.33405627,8589061.154,8589061.154
587.3791588,10.35565292,9643608.765,9643608.765
586.8393207,10.33653958,9729872.434,9729872.434
586.7257283,10.32341667,9854754.303,9854754.303
587.3432078,10.37586271,9783664.692,9783664.692
586.5894676,10.34728104,9836253.573,9836253.573
589.4385454,10.43044604,9861085.005,9861085.005
589.4538761,10.50565125,9847283.764,9847283.764
614.8311004,12.4555339,8468548.013,8468548.013
586.6054508,10.32427563,9530674.534,9530674.534
590.7512274,10.62789063,9505666.249,9505666.249
595.5252587,10.9634,9441243.396,9441243.396
598.702825,11.19006646,9398762.317,9398762.317
598.85,11.2,9403334.02,9403334.02
598.85,11.2,9392879.925,9392879.925
600.3,11.3,9362509.217,9362509.217
600.3,11.3,9286788.599,9286788.599
595.95,11.0,9370828.721,9370828.721
595.95,11.0,9389985.678,9389985.678
600.3,11.3,9348622.903,9348622.903
600.3,11.3,9321393.542,9321393.542
596.0325775,11.02645833,9304380.354,9304380.354
595.6455997,10.99432833,9300175.771,9300175.771
598.7505844,11.22278354,9385545.644,9385545.644
599.8189685,11.30858833,9368734.019,9368734.019
599.9203266,11.30991229,9356707.662,9356707.662
599.1564031,11.25300688,9342656.497,9342656.497
597.4317067,11.15045104,9334426.302,9334426.302
598.7474367,11.22052792,9313472.575,9313472.575
595.6052806,10.99217813,9341103.65,9341103.65
594.2776667,10.91453917,9337679.197,9337679.197
592.3484266,10.79168354,9399483.849,9399483.849
591.5621822,10.74326125,9351043.071,9351043.071
590.7420531,10.69267896,9314983.415,9314983.415
590.1182661,10.65042875,9319982.954,9319982.954
590.1890322,10.65188938,9319988.602,9319988.602
613.8645111,11.97670618,9271035.268,9271035.268
589.0497007,10.55263688,9424929.148,9424929.148
590.5501184,10.59345979,9094138.849,9094138.849
594.0593692,10.81210771,9081250.819,9081250.819
596.7312963,11.01082208,9062124.22,9062124.22
594.8501508,10.91462125,9141993.294,9141993.294
594.2601096,10.92366104,9127458.519,9127458.519
590.9703164,10.71856458,9131053.471,9131053.471
650.7416434,14.42308665,7356935.128,7356935.128
576.7663248,9.532428958,8993869.199,8993869.199
559.2923174,8.61052625,9162292.559,9162292.559
564.6447115,8.797927917,9147748.606,9147748.606
572.6041753,9.609818333,9009023.842,9009023.842
577.2076565,9.919541667,8871398.32,8871398.32
577.6129858,9.957565833,8883023.669,8883023.669
576.7063582,9.893318333,8930085.982,8930085.982
578.1731148,9.979178125,8914665.883,8914665.883
577.9097011,9.951562292,8914094.376,8914094.376
577.8701584,9.94636375,8857379.984,8857379.984
577.5137605,9.941912917,8857886.539,8857886.539
578.2975006,9.986707917,8837139.317,8837139.317
574.1336474,10.04196183,8890741.661,8890741.661
586.8281684,10.37060019,7381601.003,7381601.003
561.4109819,9.302477708,8574258.099,8574258.099
562.0349139,9.33616625,8738324.38,8738324.38
562.1315443,9.325977917,8776442.732,8776442.732
561.9442082,9.306343617,8934370.343,8934370.343
562.6002749,9.354451458,8915021.001,8915021.001
561.9953681,9.337380625,8897165.908,8897165.908
562.3071695,9.350659792,8905531.302,8905531.302
563.336452,9.420448542,8897498.434,8897498.434
563.5570393,9.5615775,8918592.655,8918592.655
562.8552785,9.405392292,8914374.305,8914374.305
561.2456909,9.289271042,8922579.084,8922579.084
565.9349426,9.603170833,8903927.623,8903927.623
566.5044815,9.657359583,8866950.167,8866950.167
583.5025354,8.806112292,8496045.301,8496045.301
580.4043114,9.129923958,8656760.553,8656760.553
566.9894823,9.6811825,8923677.267,8923677.267
567.4609589,9.713637292,8911145.414,8911145.414
588.413109,11.15960985,4282691.663,4282691.663
1578.27164,108.72348,0.0,0.0
1579.76659,108.82658,0.0,0.0
645.5317199,13.24674,7374180.59,7374180.59
619.0367937,11.43567186,2666534.113,2666534.113
655.2449034,13.40309229,2800795.898,2800795.898
616.5653106,11.20132806,3310735.109,3310735.109
1462.74869,100.87922,0.0,0.0
706.022951,17.76400128,3166431.1800000006,3166431.18
598.209613,11.13399657,6652659.886,6652659.886
1034.475772,40.55986397,233357.00399999972,233357.004
650.2451617,14.39914191,10110535.28,10110535.28
600.9036921,10.37711629,7708451.116,7708451.116
1546.178355,106.63299,0.0,0.0
1672.31255,115.3319,0.0,0.0
1027.337037,41.0631703,473221.5630000001,473221.563
640.3011133,13.35690128,4564009.718,4564009.718
1524.640635,95.0596,0.0,0.0
1670.784685,105.6663,0.0,0.0
675.1803628,15.62464594,9664840.656,9664840.656
612.8594106,11.5044425,11862628.54,11862628.54
635.1202773,13.28378033,3395885.416,3395885.416
1514.1085599999997,90.2062,0.0,0.0
1621.54428,98.46543,0.0,0.0
680.0079381,15.0677125,7661072.868,7661072.868
631.8806167,12.60721072,10242797.67,10242797.67
1477.276965,80.38796,0.0,0.0
724.2468964,18.97117173,3129619.6340000005,3129619.634
619.4967161,12.02277396,12067296.53,12067296.53
731.2834682,20.6510251,1094124.5589999994,1094124.559
1526.1772,105.2536,0.0,0.0
1667.74505,115.0169,0.0,0.0
1799.1160650000002,124.07697,0.0,0.0
1822.919265,125.71857,0.0,0.0
706.4585901,17.85051428,3755897.408,3755897.408
624.0851747,12.50837313,12744291.22,12744291.22
639.2705804,13.55847751,11204775.62,11204775.62
637.8359899,13.31797313,12156071.44,12156071.44
648.7379931,14.10895083,11709204.15,11709204.15
655.1807207,14.58669688,11440007.06,11440007.06
664.0715528,15.25061625,10811929.69,10811929.69
667.7475807,15.5203225,10522780.33,10522780.33
664.8510577,15.32582375,10364289.68,10364289.68
663.7165233,15.25297229,10233435.05,10233435.05
662.2199391,15.15782521,10089401.52,10089401.52
661.1092874,15.06356396,10020902.93,10020902.93
669.1751782,15.67253792,9723066.241,9723066.241
672.5685498,15.91091542,9593498.297,9593498.297
670.3754429,15.76355854,9551823.823,9551823.823
667.6095951,15.57591229,9408504.058,9408504.058
663.538421,15.30367542,9346618.569,9346618.569
661.932981,15.19746,9274224.623,9274224.623
661.5154777,15.17126,9189588.284,9189588.284
653.8602873,14.63207375,9194802.8,9194802.8
652.6387136,14.56338625,9100664.054,9100664.054
655.0578289,14.76376236,8639173.387,8639173.387
695.9645903,17.22434178,7476365.265,7476365.265
640.9850183,13.73345521,8883064.264,8883064.264
638.7813506,13.57008313,8953131.587,8953131.587
628.1403836,12.82147396,9123497.859,9123497.859
612.3585021,11.69720729,9343901.175,9343901.175
613.9810007,11.81920771,9305848.128,9305848.128
610.8447051,11.60471979,9316565.561,9316565.561
601.9578726,10.99094854,9450854.527,9450854.527
602.5087004,11.02745021,9433305.485,9433305.485
603.8107974,11.10523521,9389705.396,9389705.396
598.4597688,10.72579771,9467260.202,9467260.202
596.9175246,10.61928958,9580527.665,9580527.665
592.3320506,10.28119813,9549781.012,9549781.012
586.8979642,9.895847917,9601956.177,9601956.177
586.5701161,9.886177083,9582608.6,9582608.6
585.1460802,9.803017292,9484928.205,9484928.205
583.9807364,9.717551042,9419801.117,9419801.117
579.6794292,9.397265,9449734.458,9449734.458
663.7763797,13.63929852,5131041.384,5131041.384
570.7196224,8.805566458,8717440.547,8717440.547
569.6391066,8.735275417,8938173.918,8938173.918
566.1745128,8.512158125,9606926.417,9606926.417
560.8956851,8.161876042,9708244.124,9708244.124
560.676285,8.1466,9830180.561,9830180.561
560.676285,8.1466,9837644.393,9837644.393
562.5343875,8.23779,9890564.741,9890564.741
553.0466448,8.310393333,9814388.047,9814388.047
541.6716485,7.764326667,9938015.354,9938015.354
536.7153975,7.436960208,9998298.223,9998298.223
535.4990529,7.375910208,9997020.01,9997020.01
534.9820524,7.388030417,9995649.311,9995649.311
534.3815198,7.407539375,9981625.68,9981625.68
533.5438729,7.366832083,9953166.467,9953166.467
533.3007109,7.35208125,9341226.494,9341226.494
520.8403716,6.499979242,9429873.266,9429873.266
531.8515507,7.266030208,9318354.212,9318354.212
531.6618333,7.258778125,9280610.746,9280610.746
532.4107583,7.293136667,9251923.848,9251923.848
531.4647995,7.222812917,9225810.32,9225810.32
531.2044127,7.198185417,9194976.829,9194976.829
530.9426454,7.19436625,9179400.351,9179400.351
452.2167879,2.141926596,1742231.5,1742231.5
451.3492243,2.067961458,1743539.7180000003,1743539.718
451.2655138,2.057056383,1718006.1689999998,1718006.169
451.0537552,2.034530426,1790916.2010000004,1790916.201
451.4214584,2.060055208,1878521.2700000005,1878521.27
451.1933916,2.051690625,1904778.8219999997,1904778.822
452.2808221,2.12986875,1907096.9730000002,1907096.973
451.5976727,2.106192083,1887332.1499999994,1887332.15
451.343379,2.083184583,1794907.2189999996,1794907.219
450.5515823,2.095388542,1797019.2180000003,1797019.218
449.8021437,2.092128958,1795110.8999999994,1795110.9
455.4088213,6.07053941,36362.17700000014,36362.177
4.960885000000076,0.24802,0.0,0.0
5.141120000000001,0.06308,0.0,0.0
5.141120000000001,0.06308,0.0,0.0
5.141120000000001,0.06308,0.0,0.0
5.141120000000001,0.06308,0.0,0.0
508.8756871,6.282242044,928503.3130000001,928503.313
455.2570347,2.384365,2047898.4359999998,2047898.436
448.3425526,2.032591875,2259026.324,2259026.324
490.3262281,5.779090819,1786045.5070000002,1786045.507
446.8047189,2.017606875,2368080.0259999996,2368080.026
448.0045818,1.985216667,2332834.3879999993,2332834.388
447.7813996,2.0640125,2388546.966,2388546.966
449.9089876,2.07089,2355243.534,2355243.534
451.8299053,2.146925,2535128.4510000004,2535128.451
481.1337607,3.943536453,1760439.9459999995,1760439.946
455.9950243,2.202821667,1845684.8569999998,1845684.857
450.8648699,2.110970417,1924040.9730000002,1924040.973
451.8071474,2.15703617,1918329.4330000002,1918329.433
451.5768441,2.130944792,1920255.4009999996,1920255.401
451.8642744,2.152396809,1912386.3250000002,1912386.325
451.9881064,2.17720875,1898228.9069999997,1898228.907
452.425381,2.193337708,1905770.3990000002,1905770.399
452.3805428,2.198647708,1849411.125,1849411.125
452.4828796,2.203333125,1741023.887,1741023.887
452.3528539,2.216486458,1733854.8099999996,1733854.81
452.4887581,2.213010208,1725292.0889999997,1725292.089
451.9354804,2.178215208,1784559.7299999995,1784559.73
452.2113248,2.080679375,1781983.8889999995,1781983.889
450.8325258,2.086573014,1773274.3200000003,1773274.32
450.807249,2.086778511,1754065.472,1754065.472
451.1287449,2.115445319,1759650.6380000003,1759650.638
452.310498,2.195008723,1797012.511,1797012.511
451.8541645,2.153762979,1768777.1000000006,1768777.1
452.3566635,2.180892128,1767043.1639999999,1767043.164
452.4026855,2.1817675,1800095.613,1800095.613
452.3669883,2.163171667,1809673.562,1809673.562
451.87452,2.151755,1816629.7800000003,1816629.78
451.251313,2.11602125,1817713.137,1817713.137
451.5153006,2.133059792,1812630.6430000002,1812630.643
451.486065,2.130150208,1803142.0029999996,1803142.003
477.1940626,4.406401103,43644.919999999925,43644.92
503.9658295,6.074560322,1424677.642,1424677.642
450.0912164,2.341190208,1852164.8779999996,1852164.878
450.3315448,2.371498958,1920638.4060000004,1920638.406
456.0367178,2.280271042,1716905.1619999995,1716905.162
450.5383148,2.372715,1763633.5369999995,1763633.537
451.8138254,2.402845208,1742758.176,1742758.176
450.392333,2.347870417,1731480.1790000005,1731480.179
449.8987198,2.329140208,1707602.2000000002,1707602.2
450.8906285,2.353783958,1764812.9100000001,1764812.91
450.6202186,2.336291875,1786699.2630000003,1786699.263
450.5053424,2.342395625,1805877.7529999996,1805877.753
450.026211,2.341570417,1781160.3399999999,1781160.34
450.5876571,2.368738542,1772626.5650000004,1772626.565
450.6364617,2.370987917,1765054.0090000005,1765054.009
450.7157465,2.398738958,1763693.1940000001,1763693.194
450.8379996,2.382394375,1759485.7869999995,1759485.787
449.989085,2.334096042,1746421.6100000003,1746421.61
449.6133024,2.303706458,1746262.7599999998,1746262.76
449.0577198,2.265729792,1758364.659,1758364.659
449.5096576,2.288252708,1765497.7299999995,1765497.73
450.2535771,2.330987083,1753258.5139999995,1753258.514
449.7788954,2.300226667,1769256.1210000003,1769256.121
450.2627483,2.33050125,1770081.4349999996,1770081.435
449.8629622,2.323353542,1776346.8319999995,1776346.832
450.601707,2.346518958,1778218.438,1778218.438
449.5471371,2.299367917,1799623.2989999996,1799623.299
449.5078822,2.290826,1878250.5190000003,1878250.519
453.4793498,2.305019375,1799214.8779999996,1799214.878
458.7646511,2.243179375,1792462.341,1792462.341
446.5126043,2.304390833,1723464.9610000001,1723464.961
448.9591319,2.276491458,1770428.4339999994,1770428.434
448.2944021,2.237251702,1763691.7819999997,1763691.782
448.3393626,2.223188958,1786612.4249999998,1786612.425
448.2360844,2.207252766,1774043.154,1774043.154
448.1333472,2.192867877,1861976.5130000003,1861976.513
449.3669263,2.272075417,1839672.2079999996,1839672.208
449.2679426,2.279652708,1817872.693,1817872.693
447.7898851,2.180811875,1817909.4050000003,1817909.405
445.1278482,2.172485833,1847988.8880000003,1847988.888
421.9392609,2.349610833,1866631.5240000002,1866631.524
415.6553597,2.349838542,1866253.8140000002,1866253.814
418.3698143,2.386711915,2004835.2599999998,2004835.26
415.3641695,2.380491875,2028552.977,2028552.977
415.2755261,2.366433333,2013717.4459999995,2013717.446
416.0642688,2.41114625,1991209.1069999998,1991209.107
415.5577082,2.38653,1984748.148,1984748.148
415.5335295,2.382036042,1999231.738,1999231.738
415.8789557,2.402486875,1973565.8140000002,1973565.814
415.7056022,2.395547708,1915188.0860000001,1915188.086
414.4070396,2.354144583,1957353.5829999996,1957353.583
436.3101203,2.171781458,1911846.5880000005,1911846.588
439.0488531,2.124574792,1940045.6399999997,1940045.64
428.098284,2.147369167,1937268.9419999998,1937268.942
427.2219523,2.077582917,1928493.3619999997,1928493.362
428.6626874,2.149099167,1896286.3480000002,1896286.348
438.685024,2.138895833,1920012.1839999994,1920012.184
445.8893701,2.09809875,1774517.233,1774517.233
456.6654197,1.954174792,1985708.3080000002,1985708.308
456.3459938,1.921493125,1907602.8219999997,1907602.822
508.1409523,5.54528642,2204817.5259999996,2204817.526
558.9176818,9.029197959,1987160.1969999997,1987160.197
507.3788711,5.387185367,2260051.789,2260051.789
480.938607,3.459351458,1505031.3849999998,1505031.385
459.4788758,1.938998333,1753463.96,1753463.96
459.8694061,1.957003125,1813628.221,1813628.221
528.0761033,6.325902482,1662899.3389999997,1662899.339
505.0873873,5.047819583,2711388.4109999994,2711388.411
460.436039,1.910309792,1951722.1739999996,1951722.174
460.624841,1.903001875,1785014.7470000004,1785014.747
460.942823,1.923287083,1700078.005,1700078.005
460.446914,1.896171667,1742175.0200000005,1742175.02
460.6263243,1.894914167,1806600.3439999996,1806600.344
460.9001084,1.898544792,1620996.1210000003,1620996.121
461.0194314,1.91116184,1908365.3020000001,1908365.302
461.0191949,1.915809787,1597427.017,1597427.017
460.1338897,1.867959787,1889342.8380000005,1889342.838
461.1858462,1.931801915,1764283.057,1764283.057
461.2279927,1.93947125,1866840.1469999999,1866840.147
461.0629646,1.922809167,1922424.5860000001,1922424.586
493.9770768,4.148072052,1603456.9630000005,1603456.963
495.0269959,3.967474139,1605077.9390000002,1605077.939
462.4481889,2.25415625,1895096.738,1895096.738
462.5889597,2.283524167,1839771.7539999997,1839771.754
462.3185923,2.25228766,1758463.1459999997,1758463.146
462.6178117,2.2722975,1800745.4860000005,1800745.486
463.5739477,2.339258958,1799117.8030000003,1799117.803
463.9302278,2.384902708,1832605.8540000003,1832605.854
463.9246846,2.368210208,1879967.1579999998,1879967.158
462.7341802,2.309802708,1808355.813,1808355.813
463.998689,2.376242083,1838939.733,1838939.733
494.29624909999995,4.257475883,1683680.449,1683680.449
465.5883451,2.471333958,2164443.5039999997,2164443.504
464.312614,2.39355625,2037442.5760000004,2037442.576
460.9059447,2.376332917,3076417.239,3076417.239
453.9666767,2.442574792,1724353.4620000003,1724353.462
457.8050502,2.448735,1967911.46,1967911.46
454.8670663,2.469906042,1746110.9699999997,1746110.97
456.8906349,2.455394167,1709199.8779999996,1709199.878
452.3730602,2.400453958,1664759.6490000002,1664759.649
453.2230442,2.364843333,1724762.9419999998,1724762.942
454.9782843,2.351911458,1650645.2970000003,1650645.297
499.1987591,5.148880931,970319.3399999999,970319.34
520.4943294,5.152076614,1182436.687,1182436.687
477.9973515,3.139811042,1439093.1030000001,1439093.103
463.1526563,2.072537083,1599915.6670000004,1599915.667
459.6729402,2.084918958,1621306.0549999997,1621306.055
461.9848746,2.149286458,1460458.0750000002,1460458.075
460.5111973,2.111124375,1543197.392,1543197.392
460.8894993,2.132831667,1531312.2350000003,1531312.235
460.952535,2.15361,1463633.6629999997,1463633.663
460.952535,2.15361,1538193.9699999997,1538193.97
460.952535,2.15361,1551149.0700000003,1551149.07
507.1790586,5.394217226,1110991.9579999996,1110991.958
451.1680954,2.357146809,1547173.937,1547173.937
446.4728864,2.047729792,1640191.2020000005,1640191.202
446.37235,2.004714583,1622118.6610000003,1622118.661
446.7239688,2.025560426,1605487.7719999999,1605487.772
446.2995045,1.974510851,1597786.7240000004,1597786.724
452.6120066,1.983269274,1456496.0029999996,1456496.003
484.3640621,4.419805058,616396.2450000001,616396.245
454.1964775,2.063812708,1609317.4689999996,1609317.469
454.1006083,2.012974375,1617097.9419999998,1617097.942
453.5274173,2.010725208,1443733.994,1443733.994
464.8305123,3.168523008,874812.7189999996,874812.719
468.3690217,3.284138785,957662.5250000004,957662.525
450.8799378,1.925729583,1407950.3840000005,1407950.384
450.959322,2.085811306,730917.2110000001,730917.211
472.4524599,3.606693764,600576.1969999997,600576.197
447.7712224,1.86064875,1973024.312,1973024.312
440.6834049,1.920575417,1107373.7079999996,1107373.708
441.1470212,1.958646667,1361044.4500000002,1361044.45
443.8228754,2.000547083,1449010.9909999995,1449010.991
443.1572197,2.022722917,1694015.9359999998,1694015.936
444.4013136,2.139879167,1361500.8789999997,1361500.879
445.6475796,2.183820208,1471943.989,1471943.989
446.8125307,2.24171875,1443218.614,1443218.614
443.5264423,2.222935574,1462531.9500000002,1462531.95
447.2969546,2.298516042,1453579.517,1453579.517
444.4490882,2.337931689,1445299.1959999995,1445299.196
448.9935845,2.384706875,1446057.7930000005,1446057.793
451.5526976,2.503127442,1412922.7419999996,1412922.742
451.3914132,2.501860417,1450606.904,1450606.904
450.9174596,2.464470625,1459992.8209999995,1459992.821
453.778657,2.427563125,1432974.2010000004,1432974.201
450.5269716,2.438285417,1399865.9780000001,1399865.978
449.3075759,2.366772708,1453662.8250000002,1453662.825
449.0298617,2.337229583,1463345.9680000003,1463345.968
451.9140687,2.336724167,1413737.8190000001,1413737.819
450.4005376,2.397118125,1407399.3509999998,1407399.351
448.7176011,2.319056042,1408872.42,1408872.42
448.9336481,2.364959375,1434288.0669999998,1434288.067
447.3125723,2.284101042,1464380.9639999997,1464380.964
450.99002,2.248243958,1456658.0300000003,1456658.03
457.6918203,2.250012708,1446555.17,1446555.17
457.5360057,2.254655625,1443115.5379999997,1443115.538
453.9688123,2.251248831,1507723.363,1507723.363
452.0456653,2.284406667,1444083.8169999998,1444083.817
446.9591801,2.26138875,1392330.4869999997,1392330.487
446.4873501,2.201880625,1390503.3590000002,1390503.359
447.5270529,2.272761702,1382291.8729999997,1382291.873
446.4817918,2.201982292,1396717.2180000003,1396717.218
446.9264977,2.247671875,1371888.2570000002,1371888.257
445.8899652,2.201452083,1366310.8569999998,1366310.857
446.1380783,2.2287825,1365097.949,1365097.949
445.2717849,2.1678075,1363232.3439999996,1363232.344
445.4544396,2.197257292,1362009.199,1362009.199
445.7653377,2.204252083,1336746.7539999997,1336746.754
445.2219351,2.168802292,1344422.739,1344422.739
444.9045241,2.137444375,1348128.5329999998,1348128.533
447.2913056,2.211229583,1353937.8540000003,1353937.854
446.7605543,2.233520208,1365856.546,1365856.546
446.1264663,2.176204583,1396727.8080000002,1396727.808
445.9320696,2.173700833,1407849.779,1407849.779
445.9410566,2.106210208,1378792.937,1378792.937
445.4834668,2.155826875,1262584.631,1262584.631
455.9341182,2.86758375,1061918.2510000002,1061918.251
457.7207297,2.825207917,1335461.4809999997,1335461.481
465.9472171,2.104231667,1398920.2910000002,1398920.291
450.938829,2.304161458,1391845.818,1391845.818
446.8069301,2.194136667,1234919.3150000004,1234919.315
447.7769353,2.240367727,1270198.488,1270198.488
450.4476367,2.198807172,1313172.7079999996,1313172.708
446.8975309,2.169543125,1312004.631,1312004.631
446.4800699,2.194972708,1298490.7319999998,1298490.732
446.0142,2.204831667,1317515.6670000004,1317515.667
446.4690257,2.175045417,1287747.1770000001,1287747.177
445.3440251,2.1553575,1301046.8049999997,1301046.805
444.803299,2.13492375,1298054.0709999995,1298054.071
444.6064101,2.138508958,1293893.613,1293893.613
443.4257869,2.063426042,1284630.8930000002,1284630.893
442.7239476,2.012730625,1287782.83,1287782.83
441.8905269,1.96295125,1284731.4979999997,1284731.498
441.5769916,1.920222083,1282073.0549999997,1282073.055
441.4678911,1.912968125,1277049.159,1277049.159
442.2585852,1.966318125,1289228.7180000003,1289228.718
443.0018613,1.996119583,1319141.585,1319141.585
444.7330495,2.1095225,1324880.3059999999,1324880.306
446.3663556,2.210502221,1307500.3509999998,1307500.351
447.3030536,2.237453333,1322781.0149999997,1322781.015
448.2232133,2.304658085,1337153.057,1337153.057
449.0343495,2.351108085,1326287.7170000002,1326287.717
449.2713628,2.385035319,1298552.8600000003,1298552.86
449.2379729,2.367332083,1310578.1579999998,1310578.158
449.0230618,2.340166458,1339466.2659999998,1339466.266
448.5063029,2.311802708,1331996.7860000003,1331996.786
447.7901842,2.284516458,1375644.8830000004,1375644.883
446.8004897,2.251057708,1370018.4160000002,1370018.416
446.6933347,2.230160833,1357160.3909999998,1357160.391
446.3546238,2.223733958,1353259.3880000003,1353259.388
445.7341385,2.18031,1356245.415,1356245.415
444.6122131,2.119865625,1349220.3619999997,1349220.362
445.0134946,2.119436875,1346093.841,1346093.841
447.4135648,2.1384675,1351423.4349999996,1351423.435
445.6213497,2.135786042,1343516.9410000006,1343516.941
445.0660299,2.119604375,1331044.0389999999,1331044.039
443.3714602,2.035665,1328930.6279999996,1328930.628
443.0417332,2.004398958,1315350.012,1315350.012
443.0960659,1.991939375,1322263.87,1322263.87
442.2533501,1.926345625,1295516.3540000003,1295516.354
443.4647828,1.999596458,1290117.9249999998,1290117.925
443.3152093,1.999882292,1309974.528,1309974.528
442.4280449,1.960225417,1281548.4970000004,1281548.497
442.2947506,1.953214375,1284802.8040000005,1284802.804
441.5049809,1.895375,1283475.171,1283475.171
441.40871,1.873237917,1279587.9349999996,1279587.935
446.0932673,1.924348958,1266307.722,1266307.722
450.0484353,1.974657292,1120573.437,1120573.437
450.0483568,1.932052917,1117931.2319999998,1117931.232
449.9445005,1.910072708,1121239.5479999995,1121239.548
449.928469,1.9093775,1122208.5329999998,1122208.533
448.031292,1.823093333,1121969.9050000003,1121969.905
449.6304064,1.873311667,1119985.3389999997,1119985.339
449.744473,1.898421875,1116890.2350000003,1116890.235
448.9575369,1.867392083,1115514.5939999996,1115514.594
446.685115,1.896793542,1099825.5090000005,1099825.509
441.4665529,1.901069375,1082495.3270000005,1082495.327
444.9036541,1.83917875,1121757.046,1121757.046
441.6480355,1.88368,1059954.159,1059954.159
440.9415411,1.884671458,1092659.9620000003,1092659.962
439.7914016,1.840832766,1062738.9759999998,1062738.976
439.6902255,1.835601915,1090355.9309999999,1090355.931
439.6630701,1.827732708,1105782.0310000004,1105782.031
439.9781763,1.857928333,1100377.954,1100377.954
438.6718874,1.778776596,1095794.602,1095794.602
438.7008984,1.784514583,1115651.5580000002,1115651.558
438.5015053,1.725324583,1117461.0360000003,1117461.036
439.2260764,1.814124167,1102783.6490000002,1102783.649
438.9431149,1.813880417,1096107.0070000002,1096107.007
437.4156547,1.743340833,1079741.574,1079741.574
437.7029571,1.723219375,1076600.227,1076600.227
467.8332431,3.486633706,836244.2920000004,836244.292
440.9196794,1.892781458,1065712.295,1065712.295
440.647315,1.861707083,1071757.0669999998,1071757.067
440.2217068,1.85427,1063237.0589999994,1063237.059
440.155771,1.786252083,1055459.4100000001,1055459.41
439.9378209,1.815075,1060601.9139999999,1060601.914
440.3657159,1.843759792,1035056.0099999998,1035056.01
439.6266842,1.80274125,1025505.5949999997,1025505.595
439.8189451,1.812132083,1024399.6459999997,1024399.646
439.231677,1.784643958,1013808.2340000002,1013808.234
439.2308251,1.765486667,1018444.8889999995,1018444.889
443.9427421,1.756405833,1012443.5360000003,1012443.536
446.5959279,1.812339583,1016874.392,1016874.392
441.5057694,1.890489167,1042295.6869999999,1042295.687
441.2225572,1.8931,1040505.2709999997,1040505.271
443.3071406,1.983738542,1055012.8650000002,1055012.865
444.3286898,2.049148333,1042438.2989999996,1042438.299
445.1224832,2.092300625,1040798.2609999999,1040798.261
446.2959984,2.15718875,1038036.3889999995,1038036.389
445.4436884,2.114153958,1009877.2259999998,1009877.226
449.473181,2.191530625,1021458.0970000001,1021458.097
445.8383271,2.136192083,1081359.7259999998,1081359.726
449.9747572,2.151413125,1061066.8150000004,1061066.815
445.4084655,2.098007708,1062933.8319999995,1062933.832
600.2525397,12.66523896,1028848.5049999999,1028848.505
598.6842499,12.55492917,1022447.5559999999,1022447.556
599.4547769,12.59405354,1028085.6720000003,1028085.672
598.6639227,12.56175625,1033491.8669999996,1033491.867
597.8488747,12.51941333,995355.159,995355.159
599.2389897,12.60695063,1039410.6179999998,1039410.618
598.7623274,12.56777723,981738.8899999997,981738.89
597.475002,12.47165894,978068.3959999997,978068.396
598.5673436,12.54156667,987575.0389999999,987575.039
601.0417737,12.7305,969811.0200000005,969811.02
597.8258064,12.49257404,1015636.4210000001,1015636.421
597.5181146,12.47092104,1073689.3889999995,1073689.389
595.1885959,12.31976458,1094006.6569999997,1094006.657
598.5133553,12.52945396,1077816.665,1077816.665
593.7335783,12.24305604,1055917.6040000003,1055917.604
593.9833016,12.26575167,1004627.7630000003,1004627.763
594.6592432,12.37974521,1005199.2700000005,1005199.27
598.5319727,12.70427042,1003421.2089999998,1003421.209
561.4136702,11.83139868,194223.07099999953,194223.071
13.47963500000003,0.62633,0.0,0.0
13.329270000000065,0.7806,0.0,0.0
13.329270000000065,0.7806,0.0,0.0
13.329270000000065,0.7806,0.0,0.0
13.329270000000065,0.7806,0.0,0.0
443.430735,17.09725,0.0,0.0
1241.35486,71.92145,0.0,0.0
1281.136625,74.34853,0.0,0.0
1300.307655,75.88606,0.0,0.0
1297.92458,76.35784,0.0,0.0
1300.84256,76.86074,0.0,0.0
1345.20995,79.93365,0.0,0.0
1384.856865,82.82764,0.0,0.0
1100.633272,38.20389013,179152.79499999993,179152.795
784.4739222,24.95100904,1313291.3160000006,1313291.316
702.5769644,19.78360458,1197018.7639999995,1197018.764
664.7267927,17.43770708,1212248.949,1212248.949
661.41953,17.19053638,1172986.171,1172986.171
648.1299115,16.29491563,1174655.1550000003,1174655.155
644.0719305,16.00701872,1132801.0039999997,1132801.004
635.4143419,15.42365104,1153369.608,1153369.608
633.7007379,15.2972575,1131183.205,1131183.205
627.731239,14.91119146,1077699.1159999995,1077699.116
622.6575228,14.54969792,1011892.5029999996,1011892.503
625.0429601,14.71551771,996311.4359999998,996311.436
615.9584866,14.09172417,981771.7189999996,981771.719
619.3556644,14.32506104,1008075.5139999995,1008075.514
618.5594513,14.1440975,996549.358,996549.358
610.9657033,13.72272213,986131.6220000004,986131.622
608.8623117,13.60628319,1037120.0010000002,1037120.001
609.7938164,13.66624255,1039035.3789999997,1039035.379
602.3332424,13.14751809,1061636.204,1061636.204
604.5347589,13.27889426,1044716.2079999996,1044716.208
599.7153045,12.95371213,1044688.3209999995,1044688.321
601.7436563,13.08579229,1052738.8389999997,1052738.839
598.3524295,12.84253333,1058547.807,1058547.807
597.8262517,12.81900396,1061576.1940000001,1061576.194
595.9646692,12.68814729,1061719.512,1061719.512
595.0968381,12.63678125,1057782.5029999996,1057782.503
593.4308969,12.51994479,1051705.608,1051705.608
575.24552,11.30970204,91754.23099999968,91754.231
732.1536288,22.08903601,1025518.3030000003,1025518.303
638.1385868,15.56144958,1090887.1959999995,1090887.196
638.5829967,15.594635,1098938.42,1098938.42
617.8299623,13.67353729,983289.619,983289.619
587.2751666,12.04304563,1036946.3250000002,1036946.325
594.7447086,12.50049792,1018807.773,1018807.773
594.329184,12.52318208,1011810.96,1011810.96
473.8543873,4.076208333,750638.9680000003,750638.968
476.5398145,4.273886875,746716.0789999999,746716.079
474.2084561,4.112866042,752305.1279999996,752305.128
473.7362818,4.05453875,752949.3530000001,752949.353
473.8268373,4.022538542,747311.2369999997,747311.237
473.6000664,3.950982708,751029.3859999999,751029.386
470.9660447,3.838674583,745049.2130000005,745049.213
471.1260341,3.86281,742847.5520000001,742847.552
471.5790624,4.060061042,746241.6469999999,746241.647
472.6934901,3.950394167,729790.4349999996,729790.435
484.42559800000004,4.853754847,461411.94799999986,461411.948
455.7585867,2.788340417,788669.7759999996,788669.776
467.688939,3.629064167,726427.7570000002,726427.757
466.9378208,3.566006667,736980.6919999998,736980.692
467.9033064,3.653673333,722982.1239999998,722982.124
469.3713709,3.741315,715481.227,715481.227
468.2914985,3.674958333,710480.2759999996,710480.276
467.0832286,3.582619583,705070.9040000001,705070.904
466.4311757,3.597770625,703351.0880000005,703351.088
466.4698877,3.660231458,657398.96,657398.96
465.0474558,3.563436875,657823.2659999998,657823.266
465.1474515,3.567500833,658834.9639999997,658834.964
463.9786457,3.479945625,659943.7369999997,659943.737
463.0202441,3.422467708,663436.6720000003,663436.672
464.5666389,3.498909375,659120.5410000002,659120.541
462.4299189,3.368636875,651366.5429999996,651366.543
461.4850445,3.319870208,649302.9050000003,649302.905
461.6866035,3.2945525,640251.6320000002,640251.632
462.8673446,3.298259375,630503.5369999995,630503.537
464.9250517,3.124399375,655489.5829999996,655489.583
461.1711406,3.151783125,618878.5410000002,618878.541
462.4502189,3.286480417,638055.9720000001,638055.972
462.2938652,3.30726234,628790.4280000003,628790.428
461.7196529,3.258225532,648082.2309999997,648082.231
461.0212559,3.215853542,646595.0420000004,646595.042
458.2882385,3.033681875,644053.4419999998,644053.442
457.3681196,2.95807766,651014.2489999998,651014.249
457.8457016,3.002898958,654368.102,654368.102
457.5554901,2.930128958,656821.4520000005,656821.452
455.4887447,2.836603542,647073.3569999998,647073.357
456.0027516,2.891259375,644509.5180000002,644509.518
456.0330656,2.89433625,633298.2379999999,633298.238
453.0753768,2.682387708,630416.699,630416.699
459.3982735,2.755330827,661218.4199999999,661218.42
449.5884107,2.395013542,665328.3990000002,665328.399
451.2831586,2.519684167,638740.7920000004,638740.792
455.5892418,2.828387292,628648.5219999999,628648.522
449.4085956,2.495421875,622319.9380000001,622319.938
447.9807988,2.26694125,632188.7589999996,632188.759
452.4780463,2.564880625,610476.4349999996,610476.435
449.0241795,2.342966458,606844.7709999997,606844.771
446.2504896,2.166012917,609951.1710000001,609951.171
446.6008549,2.182746875,609296.3559999997,609296.356
448.9902465,2.331421667,604817.4919999996,604817.492
444.6829339,1.689833125,626108.6869999999,626108.687
439.7951711,1.215737917,647824.8940000003,647824.894
456.1222799,2.819655625,606569.0779999997,606569.078
438.3836717,1.609103542,646262.1629999997,646262.163
447.3352285,2.194960625,637353.8549999995,637353.855
443.5570028,1.942091042,625423.1610000003,625423.161
443.5845105,1.945100833,629518.6670000004,629518.667
446.3055896,2.11816125,625482.1119999997,625482.112
442.5991449,1.880480417,614123.9840000002,614123.984
448.8713585,2.120109167,614168.4620000003,614168.462
443.964042,1.980460417,648175.0700000003,648175.07
443.8744864,1.692930417,637067.2189999996,637067.219
445.8199936,2.08056875,642509.0669999998,642509.067
